station_id,num_bikes_available,num_ebikes_available,num_bikes_disabled,num_docks_available,num_docks_disabled,is_installed,is_renting,is_returning,last_reported,vehicle_types_available,vehicle_docks_available,feed_last_updated
3,5,0,0,14,0,1,1,1,1772506536,"[{""vehicle_type_id"": ""11"", ""count"": 0}, {""vehicle_type_id"": ""14"", ""count"": 0}, {""vehicle_type_id"": ""4"", ""count"": 0}, {""vehicle_type_id"": ""7"", ""count"": 0}, {""vehicle_type_id"": ""9"", ""count"": 5}]",[],1772522410
15,1,0,1,13,0,1,1,1,1772522400,"[{""vehicle_type_id"": ""11"", ""count"": 0}, {""vehicle_type_id"": ""14"", ""count"": 0}, {""vehicle_type_id"": ""4"", ""count"": 0}, {""vehicle_type_id"": ""7"", ""count"": 0}, {""vehicle_type_id"": ""9"", ""count"": 1}]",[],1772522410
17,9,0,0,18,0,1,1,1,1772518144,"[{""vehicle_type_id"": ""11"", ""count"": 0}, {""vehicle_type_id"": ""14"", ""count"": 0}, {""vehicle_type_id"": ""4"", ""count"": 0}, {""vehicle_type_id"": ""7"", ""count"": 0}, {""vehicle_type_id"": ""9"", ""count"": 9}]",[],1772522410
19,18,0,0,9,0,1,1,1,1772515553,"[{""vehicle_type_id"": ""11"", ""count"": 0}, {""vehicle_type_id"": ""14"", ""count"": 0}, {""vehicle_type_id"": ""4"", ""count"": 0}, {""vehicle_type_id"": ""7"", ""count"": 0}, {""vehicle_type_id"": ""9"", ""count"": 18}]",[],1772522410
24,2,0,0,9,0,1,1,1,1772488719,"[{""vehicle_type_id"": ""11"", ""count"": 0}, {""vehicle_type_id"": ""14"", ""count"": 0}, {""vehicle_type_id"": ""4"", ""count"": 0}, {""vehicle_type_id"": ""7"", ""count"": 0}, {""vehicle_type_id"": ""9"", ""count"": 2}]",[],1772522410
25,45,0,1,35,0,1,1,1,1772510561,"[{""vehicle_type_id"": ""11"", ""count"": 0}, {""vehicle_type_id"": ""14"", ""count"": 0}, {""vehicle_type_id"": ""4"", ""count"": 0}, {""vehicle_type_id"": ""7"", ""count"": 0}, {""vehicle_type_id"": ""9"", ""count"": 45}]",[],1772522410
26,1,0,0,26,0,1,1,1,1772496617,"[{""vehicle_type_id"": ""11"", ""count"": 0}, {""vehicle_type_id"": ""14"", ""count"": 0}, {""vehicle_type_id"": ""4"", ""count"": 0}, {""vehicle_type_id"": ""7"", ""count"": 0}, {""vehicle_type_id"": ""9"", ""count"": 1}]",[],1772522410
31,4,0,0,15,0,1,1,1,1772512722,"[{""vehicle_type_id"": ""11"", ""count"": 0}, {""vehicle_type_id"": ""14"", ""count"": 0}, {""vehicle_type_id"": ""4"", ""count"": 0}, {""vehicle_type_id"": ""7"", ""count"": 0}, {""vehicle_type_id"": ""9"", ""count"": 4}]",[],1772522410
34,4,0,0,33,0,1,1,1,1772513918,"[{""vehicle_type_id"": ""11"", ""count"": 0}, {""vehicle_type_id"": ""14"", ""count"": 0}, {""vehicle_type_id"": ""4"", ""count"": 0}, {""vehicle_type_id"": ""7"", ""count"": 0}, {""vehicle_type_id"": ""9"", ""count"": 4}]",[],1772522410
35,35,0,0,12,0,1,1,1,1772494884,"[{""vehicle_type_id"": ""11"", ""count"": 0}, {""vehicle_type_id"": ""14"", ""count"": 0}, {""vehicle_type_id"": ""4"", ""count"": 0}, {""vehicle_type_id"": ""7"", ""count"": 0}, {""vehicle_type_id"": ""9"", ""count"": 35}]",[],1772522410
37,9,0,0,2,0,1,1,1,1772506380,"[{""vehicle_type_id"": ""11"", ""count"": 0}, {""vehicle_type_id"": ""14"", ""count"": 0}, {""vehicle_type_id"": ""4"", ""count"": 0}, {""vehicle_type_id"": ""7"", ""count"": 0}, {""vehicle_type_id"": ""9"", ""count"": 9}]",[],1772522410
40,6,0,0,15,0,1,1,1,1772501668,"[{""vehicle_type_id"": ""11"", ""count"": 0}, {""vehicle_type_id"": ""14"", ""count"": 0}, {""vehicle_type_id"": ""4"", ""count"": 0}, {""vehicle_type_id"": ""7"", ""count"": 0}, {""vehicle_type_id"": ""9"", ""count"": 6}]",[],1772522410
47,14,0,1,0,0,1,1,1,1772505115,"[{""vehicle_type_id"": ""11"", ""count"": 0}, {""vehicle_type_id"": ""14"", ""count"": 0}, {""vehicle_type_id"": ""4"", ""count"": 0}, {""vehicle_type_id"": ""7"", ""count"": 0}, {""vehicle_type_id"": ""9"", ""count"": 14}]",[],1772522410
49,3,0,1,19,0,1,1,1,1772505761,"[{""vehicle_type_id"": ""11"", ""count"": 0}, {""vehicle_type_id"": ""14"", ""count"": 0}, {""vehicle_type_id"": ""4"", ""count"": 0}, {""vehicle_type_id"": ""7"", ""count"": 0}, {""vehicle_type_id"": ""9"", ""count"": 3}]",[],1772522410
55,2,0,0,21,0,1,1,1,1772516350,"[{""vehicle_type_id"": ""11"", ""count"": 0}, {""vehicle_type_id"": ""14"", ""count"": 0}, {""vehicle_type_id"": ""4"", ""count"": 0}, {""vehicle_type_id"": ""7"", ""count"": 0}, {""vehicle_type_id"": ""9"", ""count"": 2}]",[],1772522410
59,12,0,0,15,0,1,1,1,1772497121,"[{""vehicle_type_id"": ""11"", ""count"": 0}, {""vehicle_type_id"": ""14"", ""count"": 0}, {""vehicle_type_id"": ""4"", ""count"": 0}, {""vehicle_type_id"": ""7"", ""count"": 0}, {""vehicle_type_id"": ""9"", ""count"": 12}]",[],1772522410
60,4,0,0,15,0,1,1,1,1772508339,"[{""vehicle_type_id"": ""11"", ""count"": 0}, {""vehicle_type_id"": ""14"", ""count"": 0}, {""vehicle_type_id"": ""4"", ""count"": 0}, {""vehicle_type_id"": ""7"", ""count"": 0}, {""vehicle_type_id"": ""9"", ""count"": 4}]",[],1772522410
61,14,0,0,25,0,1,1,1,1772517103,"[{""vehicle_type_id"": ""11"", ""count"": 0}, {""vehicle_type_id"": ""14"", ""count"": 0}, {""vehicle_type_id"": ""4"", ""count"": 0}, {""vehicle_type_id"": ""7"", ""count"": 0}, {""vehicle_type_id"": ""9"", ""count"": 14}]",[],1772522410
62,4,0,0,45,0,1,1,1,1772513039,"[{""vehicle_type_id"": ""11"", ""count"": 0}, {""vehicle_type_id"": ""14"", ""count"": 0}, {""vehicle_type_id"": ""4"", ""count"": 0}, {""vehicle_type_id"": ""7"", ""count"": 0}, {""vehicle_type_id"": ""9"", ""count"": 4}]",[],1772522410
68,8,0,1,28,0,1,1,1,1772511709,"[{""vehicle_type_id"": ""11"", ""count"": 0}, {""vehicle_type_id"": ""14"", ""count"": 0}, {""vehicle_type_id"": ""4"", ""count"": 0}, {""vehicle_type_id"": ""7"", ""count"": 0}, {""vehicle_type_id"": ""9"", ""count"": 8}]",[],1772522410
69,9,0,0,6,0,1,1,1,1772495635,"[{""vehicle_type_id"": ""11"", ""count"": 0}, {""vehicle_type_id"": ""14"", ""count"": 0}, {""vehicle_type_id"": ""4"", ""count"": 0}, {""vehicle_type_id"": ""7"", ""count"": 0}, {""vehicle_type_id"": ""9"", ""count"": 9}]",[],1772522410
72,5,0,0,9,1,1,1,1,1772514698,"[{""vehicle_type_id"": ""11"", ""count"": 0}, {""vehicle_type_id"": ""14"", ""count"": 0}, {""vehicle_type_id"": ""4"", ""count"": 0}, {""vehicle_type_id"": ""7"", ""count"": 0}, {""vehicle_type_id"": ""9"", ""count"": 5}]",[],1772522410
76,8,0,0,11,0,1,1,1,1772493551,"[{""vehicle_type_id"": ""11"", ""count"": 0}, {""vehicle_type_id"": ""14"", ""count"": 0}, {""vehicle_type_id"": ""4"", ""count"": 0}, {""vehicle_type_id"": ""7"", ""count"": 0}, {""vehicle_type_id"": ""9"", ""count"": 8}]",[],1772522410
77,7,0,0,36,0,1,1,1,1772500257,"[{""vehicle_type_id"": ""11"", ""count"": 0}, {""vehicle_type_id"": ""14"", ""count"": 0}, {""vehicle_type_id"": ""4"", ""count"": 0}, {""vehicle_type_id"": ""7"", ""count"": 0}, {""vehicle_type_id"": ""9"", ""count"": 7}]",[],1772522410
79,8,0,0,3,0,1,1,1,1772516260,"[{""vehicle_type_id"": ""11"", ""count"": 0}, {""vehicle_type_id"": ""14"", ""count"": 0}, {""vehicle_type_id"": ""4"", ""count"": 0}, {""vehicle_type_id"": ""7"", ""count"": 0}, {""vehicle_type_id"": ""9"", ""count"": 8}]",[],1772522410
80,8,0,0,11,0,1,1,1,1772502287,"[{""vehicle_type_id"": ""11"", ""count"": 0}, {""vehicle_type_id"": ""14"", ""count"": 0}, {""vehicle_type_id"": ""4"", ""count"": 0}, {""vehicle_type_id"": ""7"", ""count"": 0}, {""vehicle_type_id"": ""9"", ""count"": 8}]",[],1772522410
82,12,0,0,7,0,1,1,1,1772519583,"[{""vehicle_type_id"": ""11"", ""count"": 0}, {""vehicle_type_id"": ""14"", ""count"": 0}, {""vehicle_type_id"": ""4"", ""count"": 0}, {""vehicle_type_id"": ""7"", ""count"": 0}, {""vehicle_type_id"": ""9"", ""count"": 12}]",[],1772522410
83,22,0,1,8,0,1,1,1,1772515077,"[{""vehicle_type_id"": ""11"", ""count"": 0}, {""vehicle_type_id"": ""14"", ""count"": 0}, {""vehicle_type_id"": ""4"", ""count"": 0}, {""vehicle_type_id"": ""7"", ""count"": 0}, {""vehicle_type_id"": ""9"", ""count"": 22}]",[],1772522410
87,3,0,0,16,0,1,1,1,1772501845,"[{""vehicle_type_id"": ""11"", ""count"": 0}, {""vehicle_type_id"": ""14"", ""count"": 0}, {""vehicle_type_id"": ""4"", ""count"": 0}, {""vehicle_type_id"": ""7"", ""count"": 0}, {""vehicle_type_id"": ""9"", ""count"": 3}]",[],1772522410
95,2,0,0,29,0,1,1,1,1772508455,"[{""vehicle_type_id"": ""11"", ""count"": 0}, {""vehicle_type_id"": ""14"", ""count"": 0}, {""vehicle_type_id"": ""4"", ""count"": 0}, {""vehicle_type_id"": ""7"", ""count"": 0}, {""vehicle_type_id"": ""9"", ""count"": 2}]",[],1772522410
97,4,0,0,13,0,1,1,1,1772506403,"[{""vehicle_type_id"": ""11"", ""count"": 0}, {""vehicle_type_id"": ""14"", ""count"": 0}, {""vehicle_type_id"": ""4"", ""count"": 0}, {""vehicle_type_id"": ""7"", ""count"": 0}, {""vehicle_type_id"": ""9"", ""count"": 4}]",[],1772522410
99,10,0,1,8,0,1,1,1,1772494640,"[{""vehicle_type_id"": ""11"", ""count"": 0}, {""vehicle_type_id"": ""14"", ""count"": 0}, {""vehicle_type_id"": ""4"", ""count"": 0}, {""vehicle_type_id"": ""7"", ""count"": 0}, {""vehicle_type_id"": ""9"", ""count"": 10}]",[],1772522410
103,8,0,1,23,0,1,1,1,1772522408,"[{""vehicle_type_id"": ""11"", ""count"": 0}, {""vehicle_type_id"": ""14"", ""count"": 0}, {""vehicle_type_id"": ""4"", ""count"": 0}, {""vehicle_type_id"": ""7"", ""count"": 0}, {""vehicle_type_id"": ""9"", ""count"": 8}]",[],1772522410
106,6,0,0,15,0,1,1,1,1772501222,"[{""vehicle_type_id"": ""11"", ""count"": 0}, {""vehicle_type_id"": ""14"", ""count"": 0}, {""vehicle_type_id"": ""4"", ""count"": 0}, {""vehicle_type_id"": ""7"", ""count"": 0}, {""vehicle_type_id"": ""9"", ""count"": 6}]",[],1772522410
107,6,0,0,31,0,1,1,1,1772514404,"[{""vehicle_type_id"": ""11"", ""count"": 0}, {""vehicle_type_id"": ""14"", ""count"": 0}, {""vehicle_type_id"": ""4"", ""count"": 0}, {""vehicle_type_id"": ""7"", ""count"": 0}, {""vehicle_type_id"": ""9"", ""count"": 6}]",[],1772522410
108,21,0,0,14,0,1,1,1,1772518751,"[{""vehicle_type_id"": ""11"", ""count"": 0}, {""vehicle_type_id"": ""14"", ""count"": 0}, {""vehicle_type_id"": ""4"", ""count"": 0}, {""vehicle_type_id"": ""7"", ""count"": 0}, {""vehicle_type_id"": ""9"", ""count"": 21}]",[],1772522410
109,13,0,2,8,0,1,1,1,1772508185,"[{""vehicle_type_id"": ""11"", ""count"": 0}, {""vehicle_type_id"": ""14"", ""count"": 0}, {""vehicle_type_id"": ""4"", ""count"": 0}, {""vehicle_type_id"": ""7"", ""count"": 0}, {""vehicle_type_id"": ""9"", ""count"": 13}]",[],1772522410
111,1,0,0,35,0,1,1,1,1772520094,"[{""vehicle_type_id"": ""11"", ""count"": 0}, {""vehicle_type_id"": ""14"", ""count"": 0}, {""vehicle_type_id"": ""4"", ""count"": 0}, {""vehicle_type_id"": ""7"", ""count"": 0}, {""vehicle_type_id"": ""9"", ""count"": 1}]",[],1772522410
113,7,0,1,11,0,1,1,1,1772503947,"[{""vehicle_type_id"": ""11"", ""count"": 0}, {""vehicle_type_id"": ""14"", ""count"": 0}, {""vehicle_type_id"": ""4"", ""count"": 0}, {""vehicle_type_id"": ""7"", ""count"": 0}, {""vehicle_type_id"": ""9"", ""count"": 7}]",[],1772522410
115,9,0,0,17,0,1,1,1,1772443713,"[{""vehicle_type_id"": ""11"", ""count"": 0}, {""vehicle_type_id"": ""14"", ""count"": 0}, {""vehicle_type_id"": ""4"", ""count"": 0}, {""vehicle_type_id"": ""7"", ""count"": 0}, {""vehicle_type_id"": ""9"", ""count"": 9}]",[],1772522410
118,14,0,0,9,0,1,1,1,1772488273,"[{""vehicle_type_id"": ""11"", ""count"": 0}, {""vehicle_type_id"": ""14"", ""count"": 0}, {""vehicle_type_id"": ""4"", ""count"": 0}, {""vehicle_type_id"": ""7"", ""count"": 0}, {""vehicle_type_id"": ""9"", ""count"": 14}]",[],1772522410
120,14,0,2,11,0,1,1,1,1772508190,"[{""vehicle_type_id"": ""11"", ""count"": 0}, {""vehicle_type_id"": ""14"", ""count"": 0}, {""vehicle_type_id"": ""4"", ""count"": 0}, {""vehicle_type_id"": ""7"", ""count"": 0}, {""vehicle_type_id"": ""9"", ""count"": 14}]",[],1772522410
122,15,0,0,6,0,1,1,1,1772512822,"[{""vehicle_type_id"": ""11"", ""count"": 0}, {""vehicle_type_id"": ""14"", ""count"": 0}, {""vehicle_type_id"": ""4"", ""count"": 0}, {""vehicle_type_id"": ""7"", ""count"": 0}, {""vehicle_type_id"": ""9"", ""count"": 15}]",[],1772522410
126,16,0,0,7,0,1,1,1,1772500539,"[{""vehicle_type_id"": ""11"", ""count"": 0}, {""vehicle_type_id"": ""14"", ""count"": 0}, {""vehicle_type_id"": ""4"", ""count"": 0}, {""vehicle_type_id"": ""7"", ""count"": 0}, {""vehicle_type_id"": ""9"", ""count"": 16}]",[],1772522410
131,2,0,1,8,0,1,1,1,1772521538,"[{""vehicle_type_id"": ""11"", ""count"": 0}, {""vehicle_type_id"": ""14"", ""count"": 0}, {""vehicle_type_id"": ""4"", ""count"": 0}, {""vehicle_type_id"": ""7"", ""count"": 0}, {""vehicle_type_id"": ""9"", ""count"": 2}]",[],1772522410
138,21,0,0,16,0,1,1,1,1772504933,"[{""vehicle_type_id"": ""11"", ""count"": 0}, {""vehicle_type_id"": ""14"", ""count"": 0}, {""vehicle_type_id"": ""4"", ""count"": 0}, {""vehicle_type_id"": ""7"", ""count"": 0}, {""vehicle_type_id"": ""9"", ""count"": 21}]",[],1772522410
141,21,0,0,4,0,1,1,1,1772506239,"[{""vehicle_type_id"": ""11"", ""count"": 0}, {""vehicle_type_id"": ""14"", ""count"": 0}, {""vehicle_type_id"": ""4"", ""count"": 0}, {""vehicle_type_id"": ""7"", ""count"": 0}, {""vehicle_type_id"": ""9"", ""count"": 21}]",[],1772522410
142,13,0,1,5,0,1,1,1,1772509473,"[{""vehicle_type_id"": ""11"", ""count"": 0}, {""vehicle_type_id"": ""14"", ""count"": 0}, {""vehicle_type_id"": ""4"", ""count"": 0}, {""vehicle_type_id"": ""7"", ""count"": 0}, {""vehicle_type_id"": ""9"", ""count"": 13}]",[],1772522410
148,23,0,1,3,0,1,1,1,1772515205,"[{""vehicle_type_id"": ""11"", ""count"": 0}, {""vehicle_type_id"": ""14"", ""count"": 0}, {""vehicle_type_id"": ""4"", ""count"": 0}, {""vehicle_type_id"": ""7"", ""count"": 0}, {""vehicle_type_id"": ""9"", ""count"": 23}]",[],1772522410
151,11,0,1,11,0,1,1,1,1772502201,"[{""vehicle_type_id"": ""11"", ""count"": 0}, {""vehicle_type_id"": ""14"", ""count"": 0}, {""vehicle_type_id"": ""4"", ""count"": 0}, {""vehicle_type_id"": ""7"", ""count"": 0}, {""vehicle_type_id"": ""9"", ""count"": 11}]",[],1772522410
155,9,0,0,6,0,1,1,1,1772490620,"[{""vehicle_type_id"": ""11"", ""count"": 0}, {""vehicle_type_id"": ""14"", ""count"": 0}, {""vehicle_type_id"": ""4"", ""count"": 0}, {""vehicle_type_id"": ""7"", ""count"": 0}, {""vehicle_type_id"": ""9"", ""count"": 9}]",[],1772522410
157,0,0,0,11,0,0,1,1,1772028369,"[{""vehicle_type_id"": ""11"", ""count"": 0}, {""vehicle_type_id"": ""14"", ""count"": 0}, {""vehicle_type_id"": ""4"", ""count"": 0}, {""vehicle_type_id"": ""7"", ""count"": 0}, {""vehicle_type_id"": ""9"", ""count"": 0}]",[],1772522410
159,10,0,0,9,0,1,1,1,1772512227,"[{""vehicle_type_id"": ""11"", ""count"": 0}, {""vehicle_type_id"": ""14"", ""count"": 0}, {""vehicle_type_id"": ""4"", ""count"": 0}, {""vehicle_type_id"": ""7"", ""count"": 0}, {""vehicle_type_id"": ""9"", ""count"": 10}]",[],1772522410
161,9,0,1,13,0,1,1,1,1772522399,"[{""vehicle_type_id"": ""11"", ""count"": 0}, {""vehicle_type_id"": ""14"", ""count"": 0}, {""vehicle_type_id"": ""4"", ""count"": 0}, {""vehicle_type_id"": ""7"", ""count"": 0}, {""vehicle_type_id"": ""9"", ""count"": 9}]",[],1772522410
165,20,0,1,10,0,1,1,1,1772512814,"[{""vehicle_type_id"": ""11"", ""count"": 0}, {""vehicle_type_id"": ""14"", ""count"": 0}, {""vehicle_type_id"": ""4"", ""count"": 0}, {""vehicle_type_id"": ""7"", ""count"": 0}, {""vehicle_type_id"": ""9"", ""count"": 20}]",[],1772522410
166,6,0,0,33,0,1,1,1,1772514617,"[{""vehicle_type_id"": ""11"", ""count"": 0}, {""vehicle_type_id"": ""14"", ""count"": 0}, {""vehicle_type_id"": ""4"", ""count"": 0}, {""vehicle_type_id"": ""7"", ""count"": 0}, {""vehicle_type_id"": ""9"", ""count"": 6}]",[],1772522410
169,0,0,0,11,0,0,1,1,1767965189,"[{""vehicle_type_id"": ""11"", ""count"": 0}, {""vehicle_type_id"": ""14"", ""count"": 0}, {""vehicle_type_id"": ""4"", ""count"": 0}, {""vehicle_type_id"": ""7"", ""count"": 0}, {""vehicle_type_id"": ""9"", ""count"": 0}]",[],1772522410
176,10,0,1,4,0,1,1,1,1772514306,"[{""vehicle_type_id"": ""11"", ""count"": 0}, {""vehicle_type_id"": ""14"", ""count"": 0}, {""vehicle_type_id"": ""4"", ""count"": 0}, {""vehicle_type_id"": ""7"", ""count"": 0}, {""vehicle_type_id"": ""9"", ""count"": 10}]",[],1772522410
179,14,0,0,1,0,1,1,1,1772517620,"[{""vehicle_type_id"": ""11"", ""count"": 0}, {""vehicle_type_id"": ""14"", ""count"": 0}, {""vehicle_type_id"": ""4"", ""count"": 0}, {""vehicle_type_id"": ""7"", ""count"": 0}, {""vehicle_type_id"": ""9"", ""count"": 14}]",[],1772522410
187,2,0,0,27,0,1,1,1,1772510132,"[{""vehicle_type_id"": ""11"", ""count"": 0}, {""vehicle_type_id"": ""14"", ""count"": 0}, {""vehicle_type_id"": ""4"", ""count"": 0}, {""vehicle_type_id"": ""7"", ""count"": 0}, {""vehicle_type_id"": ""9"", ""count"": 2}]",[],1772522410
193,6,0,0,9,0,1,1,1,1772520148,"[{""vehicle_type_id"": ""11"", ""count"": 0}, {""vehicle_type_id"": ""14"", ""count"": 0}, {""vehicle_type_id"": ""4"", ""count"": 0}, {""vehicle_type_id"": ""7"", ""count"": 0}, {""vehicle_type_id"": ""9"", ""count"": 6}]",[],1772522410
206,9,0,0,6,0,1,1,1,1772513650,"[{""vehicle_type_id"": ""11"", ""count"": 0}, {""vehicle_type_id"": ""14"", ""count"": 0}, {""vehicle_type_id"": ""4"", ""count"": 0}, {""vehicle_type_id"": ""7"", ""count"": 0}, {""vehicle_type_id"": ""9"", ""count"": 9}]",[],1772522410
207,18,0,0,3,0,1,1,1,1772513414,"[{""vehicle_type_id"": ""11"", ""count"": 0}, {""vehicle_type_id"": ""14"", ""count"": 0}, {""vehicle_type_id"": ""4"", ""count"": 0}, {""vehicle_type_id"": ""7"", ""count"": 0}, {""vehicle_type_id"": ""9"", ""count"": 18}]",[],1772522410
208,11,0,1,8,1,1,1,1,1772484113,"[{""vehicle_type_id"": ""11"", ""count"": 0}, {""vehicle_type_id"": ""14"", ""count"": 0}, {""vehicle_type_id"": ""4"", ""count"": 0}, {""vehicle_type_id"": ""7"", ""count"": 0}, {""vehicle_type_id"": ""9"", ""count"": 11}]",[],1772522410
209,22,0,0,1,0,1,1,1,1772508112,"[{""vehicle_type_id"": ""11"", ""count"": 0}, {""vehicle_type_id"": ""14"", ""count"": 0}, {""vehicle_type_id"": ""4"", ""count"": 0}, {""vehicle_type_id"": ""7"", ""count"": 0}, {""vehicle_type_id"": ""9"", ""count"": 22}]",[],1772522410
210,24,0,0,3,0,1,1,1,1772511043,"[{""vehicle_type_id"": ""11"", ""count"": 0}, {""vehicle_type_id"": ""14"", ""count"": 0}, {""vehicle_type_id"": ""4"", ""count"": 0}, {""vehicle_type_id"": ""7"", ""count"": 0}, {""vehicle_type_id"": ""9"", ""count"": 24}]",[],1772522410
214,45,0,0,2,0,1,1,1,1772514852,"[{""vehicle_type_id"": ""11"", ""count"": 0}, {""vehicle_type_id"": ""14"", ""count"": 0}, {""vehicle_type_id"": ""4"", ""count"": 0}, {""vehicle_type_id"": ""7"", ""count"": 0}, {""vehicle_type_id"": ""9"", ""count"": 45}]",[],1772522410
217,14,0,0,15,0,1,1,1,1772499335,"[{""vehicle_type_id"": ""11"", ""count"": 0}, {""vehicle_type_id"": ""14"", ""count"": 0}, {""vehicle_type_id"": ""4"", ""count"": 0}, {""vehicle_type_id"": ""7"", ""count"": 0}, {""vehicle_type_id"": ""9"", ""count"": 14}]",[],1772522410
218,29,0,0,10,0,1,1,1,1772518106,"[{""vehicle_type_id"": ""11"", ""count"": 0}, {""vehicle_type_id"": ""14"", ""count"": 0}, {""vehicle_type_id"": ""4"", ""count"": 0}, {""vehicle_type_id"": ""7"", ""count"": 0}, {""vehicle_type_id"": ""9"", ""count"": 29}]",[],1772522410
228,11,0,1,7,0,1,1,1,1772508483,"[{""vehicle_type_id"": ""11"", ""count"": 0}, {""vehicle_type_id"": ""14"", ""count"": 0}, {""vehicle_type_id"": ""4"", ""count"": 0}, {""vehicle_type_id"": ""7"", ""count"": 0}, {""vehicle_type_id"": ""9"", ""count"": 11}]",[],1772522410
258,2,0,0,17,0,1,1,1,1772509094,"[{""vehicle_type_id"": ""11"", ""count"": 0}, {""vehicle_type_id"": ""14"", ""count"": 0}, {""vehicle_type_id"": ""4"", ""count"": 0}, {""vehicle_type_id"": ""7"", ""count"": 0}, {""vehicle_type_id"": ""9"", ""count"": 2}]",[],1772522410
264,1,0,0,18,0,1,1,1,1772497407,"[{""vehicle_type_id"": ""11"", ""count"": 0}, {""vehicle_type_id"": ""14"", ""count"": 0}, {""vehicle_type_id"": ""4"", ""count"": 0}, {""vehicle_type_id"": ""7"", ""count"": 0}, {""vehicle_type_id"": ""9"", ""count"": 1}]",[],1772522410
268,11,0,1,7,0,1,1,1,1772479304,"[{""vehicle_type_id"": ""11"", ""count"": 0}, {""vehicle_type_id"": ""14"", ""count"": 0}, {""vehicle_type_id"": ""4"", ""count"": 0}, {""vehicle_type_id"": ""7"", ""count"": 0}, {""vehicle_type_id"": ""9"", ""count"": 11}]",[],1772522410
271,16,0,0,7,0,1,1,1,1772514158,"[{""vehicle_type_id"": ""11"", ""count"": 0}, {""vehicle_type_id"": ""14"", ""count"": 0}, {""vehicle_type_id"": ""4"", ""count"": 0}, {""vehicle_type_id"": ""7"", ""count"": 0}, {""vehicle_type_id"": ""9"", ""count"": 16}]",[],1772522410
286,18,0,0,5,0,1,1,1,1772518537,"[{""vehicle_type_id"": ""11"", ""count"": 0}, {""vehicle_type_id"": ""14"", ""count"": 0}, {""vehicle_type_id"": ""4"", ""count"": 0}, {""vehicle_type_id"": ""7"", ""count"": 0}, {""vehicle_type_id"": ""9"", ""count"": 18}]",[],1772522410
288,11,0,0,8,0,1,1,1,1772506263,"[{""vehicle_type_id"": ""11"", ""count"": 0}, {""vehicle_type_id"": ""14"", ""count"": 0}, {""vehicle_type_id"": ""4"", ""count"": 0}, {""vehicle_type_id"": ""7"", ""count"": 0}, {""vehicle_type_id"": ""9"", ""count"": 11}]",[],1772522410
290,13,0,0,22,0,1,1,1,1772500010,"[{""vehicle_type_id"": ""11"", ""count"": 0}, {""vehicle_type_id"": ""14"", ""count"": 0}, {""vehicle_type_id"": ""4"", ""count"": 0}, {""vehicle_type_id"": ""7"", ""count"": 0}, {""vehicle_type_id"": ""9"", ""count"": 13}]",[],1772522410
291,11,0,0,12,0,1,1,1,1772511944,"[{""vehicle_type_id"": ""11"", ""count"": 0}, {""vehicle_type_id"": ""14"", ""count"": 0}, {""vehicle_type_id"": ""4"", ""count"": 0}, {""vehicle_type_id"": ""7"", ""count"": 0}, {""vehicle_type_id"": ""9"", ""count"": 11}]",[],1772522410
301,6,0,0,13,0,1,1,1,1772495552,"[{""vehicle_type_id"": ""11"", ""count"": 0}, {""vehicle_type_id"": ""14"", ""count"": 0}, {""vehicle_type_id"": ""4"", ""count"": 0}, {""vehicle_type_id"": ""7"", ""count"": 0}, {""vehicle_type_id"": ""9"", ""count"": 6}]",[],1772522410
305,4,0,0,15,0,1,1,1,1772499147,"[{""vehicle_type_id"": ""11"", ""count"": 0}, {""vehicle_type_id"": ""14"", ""count"": 0}, {""vehicle_type_id"": ""4"", ""count"": 0}, {""vehicle_type_id"": ""7"", ""count"": 0}, {""vehicle_type_id"": ""9"", ""count"": 4}]",[],1772522410
306,10,0,0,22,0,1,1,1,1772503132,"[{""vehicle_type_id"": ""11"", ""count"": 0}, {""vehicle_type_id"": ""14"", ""count"": 0}, {""vehicle_type_id"": ""4"", ""count"": 0}, {""vehicle_type_id"": ""7"", ""count"": 0}, {""vehicle_type_id"": ""9"", ""count"": 10}]",[],1772522410
309,12,0,0,2,0,1,1,1,1772516413,"[{""vehicle_type_id"": ""11"", ""count"": 0}, {""vehicle_type_id"": ""14"", ""count"": 0}, {""vehicle_type_id"": ""4"", ""count"": 0}, {""vehicle_type_id"": ""7"", ""count"": 0}, {""vehicle_type_id"": ""9"", ""count"": 12}]",[],1772522410
322,12,0,0,17,0,1,1,1,1772501843,"[{""vehicle_type_id"": ""11"", ""count"": 0}, {""vehicle_type_id"": ""14"", ""count"": 0}, {""vehicle_type_id"": ""4"", ""count"": 0}, {""vehicle_type_id"": ""7"", ""count"": 0}, {""vehicle_type_id"": ""9"", ""count"": 12}]",[],1772522410
325,12,0,0,15,0,1,1,1,1772513234,"[{""vehicle_type_id"": ""11"", ""count"": 0}, {""vehicle_type_id"": ""14"", ""count"": 0}, {""vehicle_type_id"": ""4"", ""count"": 0}, {""vehicle_type_id"": ""7"", ""count"": 0}, {""vehicle_type_id"": ""9"", ""count"": 12}]",[],1772522410
330,8,0,0,14,0,1,1,1,1772503578,"[{""vehicle_type_id"": ""11"", ""count"": 0}, {""vehicle_type_id"": ""14"", ""count"": 0}, {""vehicle_type_id"": ""4"", ""count"": 0}, {""vehicle_type_id"": ""7"", ""count"": 0}, {""vehicle_type_id"": ""9"", ""count"": 8}]",[],1772522410
342,4,0,0,11,0,1,1,1,1772500674,"[{""vehicle_type_id"": ""11"", ""count"": 0}, {""vehicle_type_id"": ""14"", ""count"": 0}, {""vehicle_type_id"": ""4"", ""count"": 0}, {""vehicle_type_id"": ""7"", ""count"": 0}, {""vehicle_type_id"": ""9"", ""count"": 4}]",[],1772522410
345,8,0,0,11,0,1,1,1,1772443713,"[{""vehicle_type_id"": ""11"", ""count"": 0}, {""vehicle_type_id"": ""14"", ""count"": 0}, {""vehicle_type_id"": ""4"", ""count"": 0}, {""vehicle_type_id"": ""7"", ""count"": 0}, {""vehicle_type_id"": ""9"", ""count"": 8}]",[],1772522410
346,3,0,0,20,0,1,1,1,1772497465,"[{""vehicle_type_id"": ""11"", ""count"": 0}, {""vehicle_type_id"": ""14"", ""count"": 0}, {""vehicle_type_id"": ""4"", ""count"": 0}, {""vehicle_type_id"": ""7"", ""count"": 0}, {""vehicle_type_id"": ""9"", ""count"": 3}]",[],1772522410
347,9,0,1,14,0,1,1,1,1772517422,"[{""vehicle_type_id"": ""11"", ""count"": 0}, {""vehicle_type_id"": ""14"", ""count"": 0}, {""vehicle_type_id"": ""4"", ""count"": 0}, {""vehicle_type_id"": ""7"", ""count"": 0}, {""vehicle_type_id"": ""9"", ""count"": 9}]",[],1772522410
360,7,0,2,14,0,1,1,1,1772507589,"[{""vehicle_type_id"": ""11"", ""count"": 0}, {""vehicle_type_id"": ""14"", ""count"": 0}, {""vehicle_type_id"": ""4"", ""count"": 0}, {""vehicle_type_id"": ""7"", ""count"": 0}, {""vehicle_type_id"": ""9"", ""count"": 7}]",[],1772522410
362,10,0,0,9,0,1,1,1,1772504532,"[{""vehicle_type_id"": ""11"", ""count"": 0}, {""vehicle_type_id"": ""14"", ""count"": 0}, {""vehicle_type_id"": ""4"", ""count"": 0}, {""vehicle_type_id"": ""7"", ""count"": 0}, {""vehicle_type_id"": ""9"", ""count"": 10}]",[],1772522410
363,11,0,0,15,1,1,1,1,1772519634,"[{""vehicle_type_id"": ""11"", ""count"": 0}, {""vehicle_type_id"": ""14"", ""count"": 0}, {""vehicle_type_id"": ""4"", ""count"": 0}, {""vehicle_type_id"": ""7"", ""count"": 0}, {""vehicle_type_id"": ""9"", ""count"": 11}]",[],1772522410
364,11,0,0,4,0,1,1,1,1772508977,"[{""vehicle_type_id"": ""11"", ""count"": 0}, {""vehicle_type_id"": ""14"", ""count"": 0}, {""vehicle_type_id"": ""4"", ""count"": 0}, {""vehicle_type_id"": ""7"", ""count"": 0}, {""vehicle_type_id"": ""9"", ""count"": 11}]",[],1772522410
372,10,0,0,5,0,1,1,1,1772500815,"[{""vehicle_type_id"": ""11"", ""count"": 0}, {""vehicle_type_id"": ""14"", ""count"": 0}, {""vehicle_type_id"": ""4"", ""count"": 0}, {""vehicle_type_id"": ""7"", ""count"": 0}, {""vehicle_type_id"": ""9"", ""count"": 10}]",[],1772522410
378,18,0,0,6,0,1,1,1,1772520971,"[{""vehicle_type_id"": ""11"", ""count"": 0}, {""vehicle_type_id"": ""14"", ""count"": 0}, {""vehicle_type_id"": ""4"", ""count"": 0}, {""vehicle_type_id"": ""7"", ""count"": 0}, {""vehicle_type_id"": ""9"", ""count"": 18}]",[],1772522410
379,11,0,0,16,0,1,1,1,1772501405,"[{""vehicle_type_id"": ""11"", ""count"": 0}, {""vehicle_type_id"": ""14"", ""count"": 0}, {""vehicle_type_id"": ""4"", ""count"": 0}, {""vehicle_type_id"": ""7"", ""count"": 0}, {""vehicle_type_id"": ""9"", ""count"": 11}]",[],1772522410
381,12,0,1,10,0,1,1,1,1772516491,"[{""vehicle_type_id"": ""11"", ""count"": 0}, {""vehicle_type_id"": ""14"", ""count"": 0}, {""vehicle_type_id"": ""4"", ""count"": 0}, {""vehicle_type_id"": ""7"", ""count"": 0}, {""vehicle_type_id"": ""9"", ""count"": 12}]",[],1772522410
383,2,0,1,12,0,1,1,1,1772489567,"[{""vehicle_type_id"": ""11"", ""count"": 0}, {""vehicle_type_id"": ""14"", ""count"": 0}, {""vehicle_type_id"": ""4"", ""count"": 0}, {""vehicle_type_id"": ""7"", ""count"": 0}, {""vehicle_type_id"": ""9"", ""count"": 2}]",[],1772522410
385,12,0,1,5,0,1,1,1,1772512418,"[{""vehicle_type_id"": ""11"", ""count"": 0}, {""vehicle_type_id"": ""14"", ""count"": 0}, {""vehicle_type_id"": ""4"", ""count"": 0}, {""vehicle_type_id"": ""7"", ""count"": 0}, {""vehicle_type_id"": ""9"", ""count"": 12}]",[],1772522410
388,29,0,1,19,0,1,1,1,1772511474,"[{""vehicle_type_id"": ""11"", ""count"": 0}, {""vehicle_type_id"": ""14"", ""count"": 0}, {""vehicle_type_id"": ""4"", ""count"": 0}, {""vehicle_type_id"": ""7"", ""count"": 0}, {""vehicle_type_id"": ""9"", ""count"": 29}]",[],1772522410
389,8,0,1,6,0,1,1,1,1772491898,"[{""vehicle_type_id"": ""11"", ""count"": 0}, {""vehicle_type_id"": ""14"", ""count"": 0}, {""vehicle_type_id"": ""4"", ""count"": 0}, {""vehicle_type_id"": ""7"", ""count"": 0}, {""vehicle_type_id"": ""9"", ""count"": 8}]",[],1772522410
390,19,0,0,8,0,1,1,1,1772509604,"[{""vehicle_type_id"": ""11"", ""count"": 0}, {""vehicle_type_id"": ""14"", ""count"": 0}, {""vehicle_type_id"": ""4"", ""count"": 0}, {""vehicle_type_id"": ""7"", ""count"": 0}, {""vehicle_type_id"": ""9"", ""count"": 19}]",[],1772522410
391,3,0,0,12,0,1,1,1,1772503707,"[{""vehicle_type_id"": ""11"", ""count"": 0}, {""vehicle_type_id"": ""14"", ""count"": 0}, {""vehicle_type_id"": ""4"", ""count"": 0}, {""vehicle_type_id"": ""7"", ""count"": 0}, {""vehicle_type_id"": ""9"", ""count"": 3}]",[],1772522410
393,5,0,0,6,0,1,1,1,1772505827,"[{""vehicle_type_id"": ""11"", ""count"": 0}, {""vehicle_type_id"": ""14"", ""count"": 0}, {""vehicle_type_id"": ""4"", ""count"": 0}, {""vehicle_type_id"": ""7"", ""count"": 0}, {""vehicle_type_id"": ""9"", ""count"": 5}]",[],1772522410
399,7,0,0,12,0,1,1,1,1772513460,"[{""vehicle_type_id"": ""11"", ""count"": 0}, {""vehicle_type_id"": ""14"", ""count"": 0}, {""vehicle_type_id"": ""4"", ""count"": 0}, {""vehicle_type_id"": ""7"", ""count"": 0}, {""vehicle_type_id"": ""9"", ""count"": 7}]",[],1772522410
403,7,0,1,23,0,1,1,1,1772494953,"[{""vehicle_type_id"": ""11"", ""count"": 0}, {""vehicle_type_id"": ""14"", ""count"": 0}, {""vehicle_type_id"": ""4"", ""count"": 0}, {""vehicle_type_id"": ""7"", ""count"": 0}, {""vehicle_type_id"": ""9"", ""count"": 7}]",[],1772522410
404,17,0,0,6,0,1,1,1,1772514472,"[{""vehicle_type_id"": ""11"", ""count"": 0}, {""vehicle_type_id"": ""14"", ""count"": 0}, {""vehicle_type_id"": ""4"", ""count"": 0}, {""vehicle_type_id"": ""7"", ""count"": 0}, {""vehicle_type_id"": ""9"", ""count"": 17}]",[],1772522410
408,18,0,0,15,0,1,1,1,1772503804,"[{""vehicle_type_id"": ""11"", ""count"": 0}, {""vehicle_type_id"": ""14"", ""count"": 0}, {""vehicle_type_id"": ""4"", ""count"": 0}, {""vehicle_type_id"": ""7"", ""count"": 0}, {""vehicle_type_id"": ""9"", ""count"": 18}]",[],1772522410
413,9,0,0,14,0,1,1,1,1772494182,"[{""vehicle_type_id"": ""11"", ""count"": 0}, {""vehicle_type_id"": ""14"", ""count"": 0}, {""vehicle_type_id"": ""4"", ""count"": 0}, {""vehicle_type_id"": ""7"", ""count"": 0}, {""vehicle_type_id"": ""9"", ""count"": 9}]",[],1772522410
421,3,0,0,20,0,1,1,1,1772506163,"[{""vehicle_type_id"": ""11"", ""count"": 0}, {""vehicle_type_id"": ""14"", ""count"": 0}, {""vehicle_type_id"": ""4"", ""count"": 0}, {""vehicle_type_id"": ""7"", ""count"": 0}, {""vehicle_type_id"": ""9"", ""count"": 3}]",[],1772522410
424,4,0,0,11,0,1,1,1,1772515073,"[{""vehicle_type_id"": ""11"", ""count"": 0}, {""vehicle_type_id"": ""14"", ""count"": 0}, {""vehicle_type_id"": ""4"", ""count"": 0}, {""vehicle_type_id"": ""7"", ""count"": 0}, {""vehicle_type_id"": ""9"", ""count"": 4}]",[],1772522410
426,5,0,2,30,0,1,1,1,1772516474,"[{""vehicle_type_id"": ""11"", ""count"": 0}, {""vehicle_type_id"": ""14"", ""count"": 0}, {""vehicle_type_id"": ""4"", ""count"": 0}, {""vehicle_type_id"": ""7"", ""count"": 0}, {""vehicle_type_id"": ""9"", ""count"": 5}]",[],1772522410
428,2,0,1,15,0,1,1,1,1772508113,"[{""vehicle_type_id"": ""11"", ""count"": 0}, {""vehicle_type_id"": ""14"", ""count"": 0}, {""vehicle_type_id"": ""4"", ""count"": 0}, {""vehicle_type_id"": ""7"", ""count"": 0}, {""vehicle_type_id"": ""9"", ""count"": 2}]",[],1772522410
437,7,0,0,12,0,1,1,1,1772522209,"[{""vehicle_type_id"": ""11"", ""count"": 0}, {""vehicle_type_id"": ""14"", ""count"": 0}, {""vehicle_type_id"": ""4"", ""count"": 0}, {""vehicle_type_id"": ""7"", ""count"": 0}, {""vehicle_type_id"": ""9"", ""count"": 7}]",[],1772522410
438,16,0,0,3,0,1,1,1,1772501099,"[{""vehicle_type_id"": ""11"", ""count"": 0}, {""vehicle_type_id"": ""14"", ""count"": 0}, {""vehicle_type_id"": ""4"", ""count"": 0}, {""vehicle_type_id"": ""7"", ""count"": 0}, {""vehicle_type_id"": ""9"", ""count"": 16}]",[],1772522410
457,6,0,1,20,0,1,1,1,1772521860,"[{""vehicle_type_id"": ""11"", ""count"": 0}, {""vehicle_type_id"": ""14"", ""count"": 0}, {""vehicle_type_id"": ""4"", ""count"": 0}, {""vehicle_type_id"": ""7"", ""count"": 0}, {""vehicle_type_id"": ""9"", ""count"": 6}]",[],1772522410
459,8,0,0,7,0,1,1,1,1772491763,"[{""vehicle_type_id"": ""11"", ""count"": 0}, {""vehicle_type_id"": ""14"", ""count"": 0}, {""vehicle_type_id"": ""4"", ""count"": 0}, {""vehicle_type_id"": ""7"", ""count"": 0}, {""vehicle_type_id"": ""9"", ""count"": 8}]",[],1772522410
461,10,0,0,9,0,1,1,1,1772473900,"[{""vehicle_type_id"": ""11"", ""count"": 0}, {""vehicle_type_id"": ""14"", ""count"": 0}, {""vehicle_type_id"": ""4"", ""count"": 0}, {""vehicle_type_id"": ""7"", ""count"": 0}, {""vehicle_type_id"": ""9"", ""count"": 10}]",[],1772522410
462,5,0,0,16,0,1,1,1,1772507824,"[{""vehicle_type_id"": ""11"", ""count"": 0}, {""vehicle_type_id"": ""14"", ""count"": 0}, {""vehicle_type_id"": ""4"", ""count"": 0}, {""vehicle_type_id"": ""7"", ""count"": 0}, {""vehicle_type_id"": ""9"", ""count"": 5}]",[],1772522410
472,10,0,0,5,0,1,1,1,1772490459,"[{""vehicle_type_id"": ""11"", ""count"": 0}, {""vehicle_type_id"": ""14"", ""count"": 0}, {""vehicle_type_id"": ""4"", ""count"": 0}, {""vehicle_type_id"": ""7"", ""count"": 0}, {""vehicle_type_id"": ""9"", ""count"": 10}]",[],1772522410
474,7,0,0,12,0,1,1,1,1772491574,"[{""vehicle_type_id"": ""11"", ""count"": 0}, {""vehicle_type_id"": ""14"", ""count"": 0}, {""vehicle_type_id"": ""4"", ""count"": 0}, {""vehicle_type_id"": ""7"", ""count"": 0}, {""vehicle_type_id"": ""9"", ""count"": 7}]",[],1772522410
476,2,0,0,21,0,1,1,1,1772502091,"[{""vehicle_type_id"": ""11"", ""count"": 0}, {""vehicle_type_id"": ""14"", ""count"": 0}, {""vehicle_type_id"": ""4"", ""count"": 0}, {""vehicle_type_id"": ""7"", ""count"": 0}, {""vehicle_type_id"": ""9"", ""count"": 2}]",[],1772522410
486,13,0,1,13,0,1,1,1,1772500359,"[{""vehicle_type_id"": ""11"", ""count"": 0}, {""vehicle_type_id"": ""14"", ""count"": 0}, {""vehicle_type_id"": ""4"", ""count"": 0}, {""vehicle_type_id"": ""7"", ""count"": 0}, {""vehicle_type_id"": ""9"", ""count"": 13}]",[],1772522410
489,11,0,1,3,0,1,1,1,1772511798,"[{""vehicle_type_id"": ""11"", ""count"": 0}, {""vehicle_type_id"": ""14"", ""count"": 0}, {""vehicle_type_id"": ""4"", ""count"": 0}, {""vehicle_type_id"": ""7"", ""count"": 0}, {""vehicle_type_id"": ""9"", ""count"": 11}]",[],1772522410
490,10,0,0,6,0,1,1,1,1772514205,"[{""vehicle_type_id"": ""11"", ""count"": 0}, {""vehicle_type_id"": ""14"", ""count"": 0}, {""vehicle_type_id"": ""4"", ""count"": 0}, {""vehicle_type_id"": ""7"", ""count"": 0}, {""vehicle_type_id"": ""9"", ""count"": 10}]",[],1772522410
501,9,0,1,11,0,1,1,1,1772502543,"[{""vehicle_type_id"": ""11"", ""count"": 0}, {""vehicle_type_id"": ""14"", ""count"": 0}, {""vehicle_type_id"": ""4"", ""count"": 0}, {""vehicle_type_id"": ""7"", ""count"": 0}, {""vehicle_type_id"": ""9"", ""count"": 9}]",[],1772522410
527,0,0,0,26,0,1,1,1,1772483058,"[{""vehicle_type_id"": ""11"", ""count"": 0}, {""vehicle_type_id"": ""14"", ""count"": 0}, {""vehicle_type_id"": ""4"", ""count"": 0}, {""vehicle_type_id"": ""7"", ""count"": 0}, {""vehicle_type_id"": ""9"", ""count"": 0}]",[],1772522410
529,3,0,0,16,0,1,1,1,1772444617,"[{""vehicle_type_id"": ""11"", ""count"": 0}, {""vehicle_type_id"": ""14"", ""count"": 0}, {""vehicle_type_id"": ""4"", ""count"": 0}, {""vehicle_type_id"": ""7"", ""count"": 0}, {""vehicle_type_id"": ""9"", ""count"": 3}]",[],1772522410
530,4,0,0,17,0,1,1,1,1772501185,"[{""vehicle_type_id"": ""11"", ""count"": 0}, {""vehicle_type_id"": ""14"", ""count"": 0}, {""vehicle_type_id"": ""4"", ""count"": 0}, {""vehicle_type_id"": ""7"", ""count"": 0}, {""vehicle_type_id"": ""9"", ""count"": 4}]",[],1772522410
532,3,0,1,15,0,1,1,1,1772508419,"[{""vehicle_type_id"": ""11"", ""count"": 0}, {""vehicle_type_id"": ""14"", ""count"": 0}, {""vehicle_type_id"": ""4"", ""count"": 0}, {""vehicle_type_id"": ""7"", ""count"": 0}, {""vehicle_type_id"": ""9"", ""count"": 3}]",[],1772522410
537,16,0,1,4,0,1,1,1,1772520948,"[{""vehicle_type_id"": ""11"", ""count"": 0}, {""vehicle_type_id"": ""14"", ""count"": 0}, {""vehicle_type_id"": ""4"", ""count"": 0}, {""vehicle_type_id"": ""7"", ""count"": 0}, {""vehicle_type_id"": ""9"", ""count"": 16}]",[],1772522410
541,22,0,0,4,0,1,1,1,1772514445,"[{""vehicle_type_id"": ""11"", ""count"": 0}, {""vehicle_type_id"": ""14"", ""count"": 0}, {""vehicle_type_id"": ""4"", ""count"": 0}, {""vehicle_type_id"": ""7"", ""count"": 0}, {""vehicle_type_id"": ""9"", ""count"": 22}]",[],1772522410
544,12,0,1,14,0,1,1,1,1772503659,"[{""vehicle_type_id"": ""11"", ""count"": 0}, {""vehicle_type_id"": ""14"", ""count"": 0}, {""vehicle_type_id"": ""4"", ""count"": 0}, {""vehicle_type_id"": ""7"", ""count"": 0}, {""vehicle_type_id"": ""9"", ""count"": 12}]",[],1772522410
545,16,0,0,3,0,1,1,1,1772521836,"[{""vehicle_type_id"": ""11"", ""count"": 0}, {""vehicle_type_id"": ""14"", ""count"": 0}, {""vehicle_type_id"": ""4"", ""count"": 0}, {""vehicle_type_id"": ""7"", ""count"": 0}, {""vehicle_type_id"": ""9"", ""count"": 16}]",[],1772522410
555,8,0,0,14,1,1,1,1,1772488958,"[{""vehicle_type_id"": ""11"", ""count"": 0}, {""vehicle_type_id"": ""14"", ""count"": 0}, {""vehicle_type_id"": ""4"", ""count"": 0}, {""vehicle_type_id"": ""7"", ""count"": 0}, {""vehicle_type_id"": ""9"", ""count"": 8}]",[],1772522410
558,10,0,0,27,0,1,1,1,1772513003,"[{""vehicle_type_id"": ""11"", ""count"": 0}, {""vehicle_type_id"": ""14"", ""count"": 0}, {""vehicle_type_id"": ""4"", ""count"": 0}, {""vehicle_type_id"": ""7"", ""count"": 0}, {""vehicle_type_id"": ""9"", ""count"": 10}]",[],1772522410
559,8,0,0,11,0,1,1,1,1772483160,"[{""vehicle_type_id"": ""11"", ""count"": 0}, {""vehicle_type_id"": ""14"", ""count"": 0}, {""vehicle_type_id"": ""4"", ""count"": 0}, {""vehicle_type_id"": ""7"", ""count"": 0}, {""vehicle_type_id"": ""9"", ""count"": 8}]",[],1772522410
561,5,0,1,17,0,1,1,1,1772444617,"[{""vehicle_type_id"": ""11"", ""count"": 0}, {""vehicle_type_id"": ""14"", ""count"": 0}, {""vehicle_type_id"": ""4"", ""count"": 0}, {""vehicle_type_id"": ""7"", ""count"": 0}, {""vehicle_type_id"": ""9"", ""count"": 5}]",[],1772522410
563,9,0,0,6,0,1,1,1,1772516864,"[{""vehicle_type_id"": ""11"", ""count"": 0}, {""vehicle_type_id"": ""14"", ""count"": 0}, {""vehicle_type_id"": ""4"", ""count"": 0}, {""vehicle_type_id"": ""7"", ""count"": 0}, {""vehicle_type_id"": ""9"", ""count"": 9}]",[],1772522410
570,8,0,1,10,0,1,1,1,1772489968,"[{""vehicle_type_id"": ""11"", ""count"": 0}, {""vehicle_type_id"": ""14"", ""count"": 0}, {""vehicle_type_id"": ""4"", ""count"": 0}, {""vehicle_type_id"": ""7"", ""count"": 0}, {""vehicle_type_id"": ""9"", ""count"": 8}]",[],1772522410
571,13,0,0,10,0,1,1,1,1772504012,"[{""vehicle_type_id"": ""11"", ""count"": 0}, {""vehicle_type_id"": ""14"", ""count"": 0}, {""vehicle_type_id"": ""4"", ""count"": 0}, {""vehicle_type_id"": ""7"", ""count"": 0}, {""vehicle_type_id"": ""9"", ""count"": 13}]",[],1772522410
572,17,0,0,2,0,1,1,1,1772493935,"[{""vehicle_type_id"": ""11"", ""count"": 0}, {""vehicle_type_id"": ""14"", ""count"": 0}, {""vehicle_type_id"": ""4"", ""count"": 0}, {""vehicle_type_id"": ""7"", ""count"": 0}, {""vehicle_type_id"": ""9"", ""count"": 17}]",[],1772522410
575,8,0,0,13,0,1,1,1,1772496535,"[{""vehicle_type_id"": ""11"", ""count"": 0}, {""vehicle_type_id"": ""14"", ""count"": 0}, {""vehicle_type_id"": ""4"", ""count"": 0}, {""vehicle_type_id"": ""7"", ""count"": 0}, {""vehicle_type_id"": ""9"", ""count"": 8}]",[],1772522410
581,5,0,1,13,0,1,1,1,1772522408,"[{""vehicle_type_id"": ""11"", ""count"": 0}, {""vehicle_type_id"": ""14"", ""count"": 0}, {""vehicle_type_id"": ""4"", ""count"": 0}, {""vehicle_type_id"": ""7"", ""count"": 0}, {""vehicle_type_id"": ""9"", ""count"": 5}]",[],1772522410
582,14,0,0,47,0,1,1,1,1772511647,"[{""vehicle_type_id"": ""11"", ""count"": 0}, {""vehicle_type_id"": ""14"", ""count"": 0}, {""vehicle_type_id"": ""4"", ""count"": 0}, {""vehicle_type_id"": ""7"", ""count"": 0}, {""vehicle_type_id"": ""9"", ""count"": 14}]",[],1772522410
592,6,0,0,21,0,1,1,1,1772511529,"[{""vehicle_type_id"": ""11"", ""count"": 0}, {""vehicle_type_id"": ""14"", ""count"": 0}, {""vehicle_type_id"": ""4"", ""count"": 0}, {""vehicle_type_id"": ""7"", ""count"": 0}, {""vehicle_type_id"": ""9"", ""count"": 6}]",[],1772522410
594,8,0,0,15,0,1,1,1,1772508347,"[{""vehicle_type_id"": ""11"", ""count"": 0}, {""vehicle_type_id"": ""14"", ""count"": 0}, {""vehicle_type_id"": ""4"", ""count"": 0}, {""vehicle_type_id"": ""7"", ""count"": 0}, {""vehicle_type_id"": ""9"", ""count"": 8}]",[],1772522410
607,11,0,1,21,0,1,1,1,1772514547,"[{""vehicle_type_id"": ""11"", ""count"": 0}, {""vehicle_type_id"": ""14"", ""count"": 0}, {""vehicle_type_id"": ""4"", ""count"": 0}, {""vehicle_type_id"": ""7"", ""count"": 0}, {""vehicle_type_id"": ""9"", ""count"": 11}]",[],1772522410
608,11,0,0,43,0,1,1,1,1772508910,"[{""vehicle_type_id"": ""11"", ""count"": 0}, {""vehicle_type_id"": ""14"", ""count"": 0}, {""vehicle_type_id"": ""4"", ""count"": 0}, {""vehicle_type_id"": ""7"", ""count"": 0}, {""vehicle_type_id"": ""9"", ""count"": 11}]",[],1772522410
623,1,0,1,28,0,1,1,1,1772506179,"[{""vehicle_type_id"": ""11"", ""count"": 0}, {""vehicle_type_id"": ""14"", ""count"": 0}, {""vehicle_type_id"": ""4"", ""count"": 0}, {""vehicle_type_id"": ""7"", ""count"": 0}, {""vehicle_type_id"": ""9"", ""count"": 1}]",[],1772522410
625,9,0,1,11,0,1,1,1,1772491606,"[{""vehicle_type_id"": ""11"", ""count"": 0}, {""vehicle_type_id"": ""14"", ""count"": 0}, {""vehicle_type_id"": ""4"", ""count"": 0}, {""vehicle_type_id"": ""7"", ""count"": 0}, {""vehicle_type_id"": ""9"", ""count"": 9}]",[],1772522410
641,8,0,0,19,0,1,1,1,1772513791,"[{""vehicle_type_id"": ""11"", ""count"": 0}, {""vehicle_type_id"": ""14"", ""count"": 0}, {""vehicle_type_id"": ""4"", ""count"": 0}, {""vehicle_type_id"": ""7"", ""count"": 0}, {""vehicle_type_id"": ""9"", ""count"": 8}]",[],1772522410
642,5,0,0,14,0,1,1,1,1772487137,"[{""vehicle_type_id"": ""11"", ""count"": 0}, {""vehicle_type_id"": ""14"", ""count"": 0}, {""vehicle_type_id"": ""4"", ""count"": 0}, {""vehicle_type_id"": ""7"", ""count"": 0}, {""vehicle_type_id"": ""9"", ""count"": 5}]",[],1772522410
643,4,0,0,15,0,1,1,1,1772515153,"[{""vehicle_type_id"": ""11"", ""count"": 0}, {""vehicle_type_id"": ""14"", ""count"": 0}, {""vehicle_type_id"": ""4"", ""count"": 0}, {""vehicle_type_id"": ""7"", ""count"": 0}, {""vehicle_type_id"": ""9"", ""count"": 4}]",[],1772522410
645,12,0,0,11,0,1,1,1,1772486640,"[{""vehicle_type_id"": ""11"", ""count"": 0}, {""vehicle_type_id"": ""14"", ""count"": 0}, {""vehicle_type_id"": ""4"", ""count"": 0}, {""vehicle_type_id"": ""7"", ""count"": 0}, {""vehicle_type_id"": ""9"", ""count"": 12}]",[],1772522410
646,3,0,0,16,0,1,1,1,1772514551,"[{""vehicle_type_id"": ""11"", ""count"": 0}, {""vehicle_type_id"": ""14"", ""count"": 0}, {""vehicle_type_id"": ""4"", ""count"": 0}, {""vehicle_type_id"": ""7"", ""count"": 0}, {""vehicle_type_id"": ""9"", ""count"": 3}]",[],1772522410
647,12,0,0,19,0,1,1,1,1772502543,"[{""vehicle_type_id"": ""11"", ""count"": 0}, {""vehicle_type_id"": ""14"", ""count"": 0}, {""vehicle_type_id"": ""4"", ""count"": 0}, {""vehicle_type_id"": ""7"", ""count"": 0}, {""vehicle_type_id"": ""9"", ""count"": 12}]",[],1772522410
670,14,0,1,12,0,1,1,1,1772508314,"[{""vehicle_type_id"": ""11"", ""count"": 0}, {""vehicle_type_id"": ""14"", ""count"": 0}, {""vehicle_type_id"": ""4"", ""count"": 0}, {""vehicle_type_id"": ""7"", ""count"": 0}, {""vehicle_type_id"": ""9"", ""count"": 14}]",[],1772522410
672,6,0,1,16,0,1,1,1,1772496712,"[{""vehicle_type_id"": ""11"", ""count"": 0}, {""vehicle_type_id"": ""14"", ""count"": 0}, {""vehicle_type_id"": ""4"", ""count"": 0}, {""vehicle_type_id"": ""7"", ""count"": 0}, {""vehicle_type_id"": ""9"", ""count"": 6}]",[],1772522410
681,4,0,0,11,0,1,1,1,1772504894,"[{""vehicle_type_id"": ""11"", ""count"": 0}, {""vehicle_type_id"": ""14"", ""count"": 0}, {""vehicle_type_id"": ""4"", ""count"": 0}, {""vehicle_type_id"": ""7"", ""count"": 0}, {""vehicle_type_id"": ""9"", ""count"": 4}]",[],1772522410
692,8,0,1,12,0,1,1,1,1772511708,"[{""vehicle_type_id"": ""11"", ""count"": 0}, {""vehicle_type_id"": ""14"", ""count"": 0}, {""vehicle_type_id"": ""4"", ""count"": 0}, {""vehicle_type_id"": ""7"", ""count"": 0}, {""vehicle_type_id"": ""9"", ""count"": 8}]",[],1772522410
702,5,0,1,13,0,1,1,1,1772522261,"[{""vehicle_type_id"": ""11"", ""count"": 0}, {""vehicle_type_id"": ""14"", ""count"": 0}, {""vehicle_type_id"": ""4"", ""count"": 0}, {""vehicle_type_id"": ""7"", ""count"": 0}, {""vehicle_type_id"": ""9"", ""count"": 5}]",[],1772522410
703,9,0,1,13,0,1,1,1,1772522320,"[{""vehicle_type_id"": ""11"", ""count"": 0}, {""vehicle_type_id"": ""14"", ""count"": 0}, {""vehicle_type_id"": ""4"", ""count"": 0}, {""vehicle_type_id"": ""7"", ""count"": 0}, {""vehicle_type_id"": ""9"", ""count"": 9}]",[],1772522410
705,7,0,0,8,0,1,1,1,1772521391,"[{""vehicle_type_id"": ""11"", ""count"": 0}, {""vehicle_type_id"": ""14"", ""count"": 0}, {""vehicle_type_id"": ""4"", ""count"": 0}, {""vehicle_type_id"": ""7"", ""count"": 0}, {""vehicle_type_id"": ""9"", ""count"": 7}]",[],1772522410
706,6,0,2,7,0,1,1,1,1772522036,"[{""vehicle_type_id"": ""11"", ""count"": 0}, {""vehicle_type_id"": ""14"", ""count"": 0}, {""vehicle_type_id"": ""4"", ""count"": 0}, {""vehicle_type_id"": ""7"", ""count"": 0}, {""vehicle_type_id"": ""9"", ""count"": 6}]",[],1772522410
708,5,0,2,12,0,1,1,1,1772521344,"[{""vehicle_type_id"": ""11"", ""count"": 0}, {""vehicle_type_id"": ""14"", ""count"": 0}, {""vehicle_type_id"": ""4"", ""count"": 0}, {""vehicle_type_id"": ""7"", ""count"": 0}, {""vehicle_type_id"": ""9"", ""count"": 5}]",[],1772522410
710,11,0,1,7,0,1,1,1,1772522075,"[{""vehicle_type_id"": ""11"", ""count"": 0}, {""vehicle_type_id"": ""14"", ""count"": 0}, {""vehicle_type_id"": ""4"", ""count"": 0}, {""vehicle_type_id"": ""7"", ""count"": 0}, {""vehicle_type_id"": ""9"", ""count"": 11}]",[],1772522410
734,1,0,0,13,0,1,1,1,1772521378,"[{""vehicle_type_id"": ""11"", ""count"": 0}, {""vehicle_type_id"": ""14"", ""count"": 0}, {""vehicle_type_id"": ""4"", ""count"": 0}, {""vehicle_type_id"": ""7"", ""count"": 0}, {""vehicle_type_id"": ""9"", ""count"": 1}]",[],1772522410
752,3,0,0,14,0,1,1,1,1772504028,"[{""vehicle_type_id"": ""11"", ""count"": 0}, {""vehicle_type_id"": ""14"", ""count"": 0}, {""vehicle_type_id"": ""4"", ""count"": 0}, {""vehicle_type_id"": ""7"", ""count"": 0}, {""vehicle_type_id"": ""9"", ""count"": 3}]",[],1772522410
756,14,0,0,23,0,1,1,1,1772509000,"[{""vehicle_type_id"": ""11"", ""count"": 0}, {""vehicle_type_id"": ""14"", ""count"": 0}, {""vehicle_type_id"": ""4"", ""count"": 0}, {""vehicle_type_id"": ""7"", ""count"": 0}, {""vehicle_type_id"": ""9"", ""count"": 14}]",[],1772522410
769,13,0,1,5,0,1,1,1,1772517498,"[{""vehicle_type_id"": ""11"", ""count"": 0}, {""vehicle_type_id"": ""14"", ""count"": 0}, {""vehicle_type_id"": ""4"", ""count"": 0}, {""vehicle_type_id"": ""7"", ""count"": 0}, {""vehicle_type_id"": ""9"", ""count"": 13}]",[],1772522410
780,13,0,0,6,0,1,1,1,1772521299,"[{""vehicle_type_id"": ""11"", ""count"": 0}, {""vehicle_type_id"": ""14"", ""count"": 0}, {""vehicle_type_id"": ""4"", ""count"": 0}, {""vehicle_type_id"": ""7"", ""count"": 0}, {""vehicle_type_id"": ""9"", ""count"": 13}]",[],1772522410
794,1,0,0,28,0,1,1,1,1772521024,"[{""vehicle_type_id"": ""11"", ""count"": 0}, {""vehicle_type_id"": ""14"", ""count"": 0}, {""vehicle_type_id"": ""4"", ""count"": 0}, {""vehicle_type_id"": ""7"", ""count"": 0}, {""vehicle_type_id"": ""9"", ""count"": 1}]",[],1772522410
800,8,0,0,13,0,1,1,1,1772520679,"[{""vehicle_type_id"": ""11"", ""count"": 0}, {""vehicle_type_id"": ""14"", ""count"": 0}, {""vehicle_type_id"": ""4"", ""count"": 0}, {""vehicle_type_id"": ""7"", ""count"": 0}, {""vehicle_type_id"": ""9"", ""count"": 8}]",[],1772522410
801,1,0,0,20,0,1,1,1,1772521542,"[{""vehicle_type_id"": ""11"", ""count"": 0}, {""vehicle_type_id"": ""14"", ""count"": 0}, {""vehicle_type_id"": ""4"", ""count"": 0}, {""vehicle_type_id"": ""7"", ""count"": 0}, {""vehicle_type_id"": ""9"", ""count"": 1}]",[],1772522410
806,14,0,0,1,0,1,1,1,1772522065,"[{""vehicle_type_id"": ""11"", ""count"": 0}, {""vehicle_type_id"": ""14"", ""count"": 0}, {""vehicle_type_id"": ""4"", ""count"": 0}, {""vehicle_type_id"": ""7"", ""count"": 0}, {""vehicle_type_id"": ""9"", ""count"": 14}]",[],1772522410
807,0,0,0,25,0,1,1,1,1772517277,"[{""vehicle_type_id"": ""11"", ""count"": 0}, {""vehicle_type_id"": ""14"", ""count"": 0}, {""vehicle_type_id"": ""4"", ""count"": 0}, {""vehicle_type_id"": ""7"", ""count"": 0}, {""vehicle_type_id"": ""9"", ""count"": 0}]",[],1772522410
822,1,0,0,18,0,1,1,1,1772514688,"[{""vehicle_type_id"": ""11"", ""count"": 0}, {""vehicle_type_id"": ""14"", ""count"": 0}, {""vehicle_type_id"": ""4"", ""count"": 0}, {""vehicle_type_id"": ""7"", ""count"": 0}, {""vehicle_type_id"": ""9"", ""count"": 1}]",[],1772522410
823,4,0,0,11,0,1,1,1,1772508396,"[{""vehicle_type_id"": ""11"", ""count"": 0}, {""vehicle_type_id"": ""14"", ""count"": 0}, {""vehicle_type_id"": ""4"", ""count"": 0}, {""vehicle_type_id"": ""7"", ""count"": 0}, {""vehicle_type_id"": ""9"", ""count"": 4}]",[],1772522410
824,19,0,0,0,0,1,1,1,1772497788,"[{""vehicle_type_id"": ""11"", ""count"": 0}, {""vehicle_type_id"": ""14"", ""count"": 0}, {""vehicle_type_id"": ""4"", ""count"": 0}, {""vehicle_type_id"": ""7"", ""count"": 0}, {""vehicle_type_id"": ""9"", ""count"": 19}]",[],1772522410
826,8,0,0,11,0,1,1,1,1772521960,"[{""vehicle_type_id"": ""11"", ""count"": 0}, {""vehicle_type_id"": ""14"", ""count"": 0}, {""vehicle_type_id"": ""4"", ""count"": 0}, {""vehicle_type_id"": ""7"", ""count"": 0}, {""vehicle_type_id"": ""9"", ""count"": 8}]",[],1772522410
828,15,0,0,3,0,1,1,1,1772514727,"[{""vehicle_type_id"": ""11"", ""count"": 0}, {""vehicle_type_id"": ""14"", ""count"": 0}, {""vehicle_type_id"": ""4"", ""count"": 0}, {""vehicle_type_id"": ""7"", ""count"": 0}, {""vehicle_type_id"": ""9"", ""count"": 15}]",[],1772522410
834,4,0,0,20,0,1,1,1,1772522109,"[{""vehicle_type_id"": ""11"", ""count"": 0}, {""vehicle_type_id"": ""14"", ""count"": 0}, {""vehicle_type_id"": ""4"", ""count"": 0}, {""vehicle_type_id"": ""7"", ""count"": 0}, {""vehicle_type_id"": ""9"", ""count"": 4}]",[],1772522410
838,11,0,0,4,0,1,1,1,1772445522,"[{""vehicle_type_id"": ""11"", ""count"": 0}, {""vehicle_type_id"": ""14"", ""count"": 0}, {""vehicle_type_id"": ""4"", ""count"": 0}, {""vehicle_type_id"": ""7"", ""count"": 0}, {""vehicle_type_id"": ""9"", ""count"": 11}]",[],1772522410
840,5,0,0,24,0,1,1,1,1772520815,"[{""vehicle_type_id"": ""11"", ""count"": 0}, {""vehicle_type_id"": ""14"", ""count"": 0}, {""vehicle_type_id"": ""4"", ""count"": 0}, {""vehicle_type_id"": ""7"", ""count"": 0}, {""vehicle_type_id"": ""9"", ""count"": 5}]",[],1772522410
851,16,0,1,20,0,1,1,1,1772499998,"[{""vehicle_type_id"": ""11"", ""count"": 0}, {""vehicle_type_id"": ""14"", ""count"": 0}, {""vehicle_type_id"": ""4"", ""count"": 0}, {""vehicle_type_id"": ""7"", ""count"": 0}, {""vehicle_type_id"": ""9"", ""count"": 16}]",[],1772522410
857,4,0,0,15,0,1,1,1,1772521525,"[{""vehicle_type_id"": ""11"", ""count"": 0}, {""vehicle_type_id"": ""14"", ""count"": 0}, {""vehicle_type_id"": ""4"", ""count"": 0}, {""vehicle_type_id"": ""7"", ""count"": 0}, {""vehicle_type_id"": ""9"", ""count"": 4}]",[],1772522410
863,5,0,1,13,0,1,1,1,1772521931,"[{""vehicle_type_id"": ""11"", ""count"": 0}, {""vehicle_type_id"": ""14"", ""count"": 0}, {""vehicle_type_id"": ""4"", ""count"": 0}, {""vehicle_type_id"": ""7"", ""count"": 0}, {""vehicle_type_id"": ""9"", ""count"": 5}]",[],1772522410
866,6,0,0,13,0,1,1,1,1772445521,"[{""vehicle_type_id"": ""11"", ""count"": 0}, {""vehicle_type_id"": ""14"", ""count"": 0}, {""vehicle_type_id"": ""4"", ""count"": 0}, {""vehicle_type_id"": ""7"", ""count"": 0}, {""vehicle_type_id"": ""9"", ""count"": 6}]",[],1772522410
873,8,0,0,25,0,1,1,1,1772521599,"[{""vehicle_type_id"": ""11"", ""count"": 0}, {""vehicle_type_id"": ""14"", ""count"": 0}, {""vehicle_type_id"": ""4"", ""count"": 0}, {""vehicle_type_id"": ""7"", ""count"": 0}, {""vehicle_type_id"": ""9"", ""count"": 8}]",[],1772522410
886,22,0,0,7,0,1,1,1,1772520563,"[{""vehicle_type_id"": ""11"", ""count"": 0}, {""vehicle_type_id"": ""14"", ""count"": 0}, {""vehicle_type_id"": ""4"", ""count"": 0}, {""vehicle_type_id"": ""7"", ""count"": 0}, {""vehicle_type_id"": ""9"", ""count"": 22}]",[],1772522410
888,4,0,0,37,0,1,1,1,1772522207,"[{""vehicle_type_id"": ""11"", ""count"": 0}, {""vehicle_type_id"": ""14"", ""count"": 0}, {""vehicle_type_id"": ""4"", ""count"": 0}, {""vehicle_type_id"": ""7"", ""count"": 0}, {""vehicle_type_id"": ""9"", ""count"": 4}]",[],1772522410
889,8,0,0,11,0,1,1,1,1772499986,"[{""vehicle_type_id"": ""11"", ""count"": 0}, {""vehicle_type_id"": ""14"", ""count"": 0}, {""vehicle_type_id"": ""4"", ""count"": 0}, {""vehicle_type_id"": ""7"", ""count"": 0}, {""vehicle_type_id"": ""9"", ""count"": 8}]",[],1772522410
910,2,0,0,29,0,1,1,1,1772522403,"[{""vehicle_type_id"": ""11"", ""count"": 0}, {""vehicle_type_id"": ""14"", ""count"": 0}, {""vehicle_type_id"": ""4"", ""count"": 0}, {""vehicle_type_id"": ""7"", ""count"": 0}, {""vehicle_type_id"": ""9"", ""count"": 2}]",[],1772522410
912,14,0,0,9,0,1,1,1,1772521524,"[{""vehicle_type_id"": ""11"", ""count"": 0}, {""vehicle_type_id"": ""14"", ""count"": 0}, {""vehicle_type_id"": ""4"", ""count"": 0}, {""vehicle_type_id"": ""7"", ""count"": 0}, {""vehicle_type_id"": ""9"", ""count"": 14}]",[],1772522410
913,11,0,0,8,0,1,1,1,1772521968,"[{""vehicle_type_id"": ""11"", ""count"": 0}, {""vehicle_type_id"": ""14"", ""count"": 0}, {""vehicle_type_id"": ""4"", ""count"": 0}, {""vehicle_type_id"": ""7"", ""count"": 0}, {""vehicle_type_id"": ""9"", ""count"": 11}]",[],1772522410
915,22,0,0,1,0,1,1,1,1772521099,"[{""vehicle_type_id"": ""11"", ""count"": 0}, {""vehicle_type_id"": ""14"", ""count"": 0}, {""vehicle_type_id"": ""4"", ""count"": 0}, {""vehicle_type_id"": ""7"", ""count"": 0}, {""vehicle_type_id"": ""9"", ""count"": 22}]",[],1772522410
916,9,0,0,14,0,1,1,1,1772521753,"[{""vehicle_type_id"": ""11"", ""count"": 0}, {""vehicle_type_id"": ""14"", ""count"": 0}, {""vehicle_type_id"": ""4"", ""count"": 0}, {""vehicle_type_id"": ""7"", ""count"": 0}, {""vehicle_type_id"": ""9"", ""count"": 9}]",[],1772522410
931,0,0,1,22,0,1,1,1,1772521681,"[{""vehicle_type_id"": ""11"", ""count"": 0}, {""vehicle_type_id"": ""14"", ""count"": 0}, {""vehicle_type_id"": ""4"", ""count"": 0}, {""vehicle_type_id"": ""7"", ""count"": 0}, {""vehicle_type_id"": ""9"", ""count"": 0}]",[],1772522410
948,10,0,0,21,0,1,1,1,1772521699,"[{""vehicle_type_id"": ""11"", ""count"": 0}, {""vehicle_type_id"": ""14"", ""count"": 0}, {""vehicle_type_id"": ""4"", ""count"": 0}, {""vehicle_type_id"": ""7"", ""count"": 0}, {""vehicle_type_id"": ""9"", ""count"": 10}]",[],1772522410
949,9,0,0,6,0,1,1,1,1772520683,"[{""vehicle_type_id"": ""11"", ""count"": 0}, {""vehicle_type_id"": ""14"", ""count"": 0}, {""vehicle_type_id"": ""4"", ""count"": 0}, {""vehicle_type_id"": ""7"", ""count"": 0}, {""vehicle_type_id"": ""9"", ""count"": 9}]",[],1772522410
950,13,0,0,4,0,1,1,1,1772520976,"[{""vehicle_type_id"": ""11"", ""count"": 0}, {""vehicle_type_id"": ""14"", ""count"": 0}, {""vehicle_type_id"": ""4"", ""count"": 0}, {""vehicle_type_id"": ""7"", ""count"": 0}, {""vehicle_type_id"": ""9"", ""count"": 13}]",[],1772522410
951,14,0,0,9,0,1,1,1,1772521650,"[{""vehicle_type_id"": ""11"", ""count"": 0}, {""vehicle_type_id"": ""14"", ""count"": 0}, {""vehicle_type_id"": ""4"", ""count"": 0}, {""vehicle_type_id"": ""7"", ""count"": 0}, {""vehicle_type_id"": ""9"", ""count"": 14}]",[],1772522410
952,17,0,3,35,0,1,1,1,1772522330,"[{""vehicle_type_id"": ""11"", ""count"": 0}, {""vehicle_type_id"": ""14"", ""count"": 0}, {""vehicle_type_id"": ""4"", ""count"": 0}, {""vehicle_type_id"": ""7"", ""count"": 0}, {""vehicle_type_id"": ""9"", ""count"": 17}]",[],1772522410
953,8,0,2,5,0,1,1,1,1772521438,"[{""vehicle_type_id"": ""11"", ""count"": 0}, {""vehicle_type_id"": ""14"", ""count"": 0}, {""vehicle_type_id"": ""4"", ""count"": 0}, {""vehicle_type_id"": ""7"", ""count"": 0}, {""vehicle_type_id"": ""9"", ""count"": 8}]",[],1772522410
955,15,0,2,10,0,1,1,1,1772521610,"[{""vehicle_type_id"": ""11"", ""count"": 0}, {""vehicle_type_id"": ""14"", ""count"": 0}, {""vehicle_type_id"": ""4"", ""count"": 0}, {""vehicle_type_id"": ""7"", ""count"": 0}, {""vehicle_type_id"": ""9"", ""count"": 15}]",[],1772522410
956,7,0,0,12,0,1,1,1,1772522340,"[{""vehicle_type_id"": ""11"", ""count"": 0}, {""vehicle_type_id"": ""14"", ""count"": 0}, {""vehicle_type_id"": ""4"", ""count"": 0}, {""vehicle_type_id"": ""7"", ""count"": 0}, {""vehicle_type_id"": ""9"", ""count"": 7}]",[],1772522410
957,16,0,0,13,0,1,1,1,1772521996,"[{""vehicle_type_id"": ""11"", ""count"": 0}, {""vehicle_type_id"": ""14"", ""count"": 0}, {""vehicle_type_id"": ""4"", ""count"": 0}, {""vehicle_type_id"": ""7"", ""count"": 0}, {""vehicle_type_id"": ""9"", ""count"": 16}]",[],1772522410
960,15,0,0,8,0,1,1,1,1772520719,"[{""vehicle_type_id"": ""11"", ""count"": 0}, {""vehicle_type_id"": ""14"", ""count"": 0}, {""vehicle_type_id"": ""4"", ""count"": 0}, {""vehicle_type_id"": ""7"", ""count"": 0}, {""vehicle_type_id"": ""9"", ""count"": 15}]",[],1772522410
963,6,0,1,16,0,1,1,1,1772521532,"[{""vehicle_type_id"": ""11"", ""count"": 0}, {""vehicle_type_id"": ""14"", ""count"": 0}, {""vehicle_type_id"": ""4"", ""count"": 0}, {""vehicle_type_id"": ""7"", ""count"": 0}, {""vehicle_type_id"": ""9"", ""count"": 6}]",[],1772522410
967,7,0,0,14,0,1,1,1,1772521818,"[{""vehicle_type_id"": ""11"", ""count"": 0}, {""vehicle_type_id"": ""14"", ""count"": 0}, {""vehicle_type_id"": ""4"", ""count"": 0}, {""vehicle_type_id"": ""7"", ""count"": 0}, {""vehicle_type_id"": ""9"", ""count"": 7}]",[],1772522410
968,5,0,0,14,0,1,1,1,1772521519,"[{""vehicle_type_id"": ""11"", ""count"": 0}, {""vehicle_type_id"": ""14"", ""count"": 0}, {""vehicle_type_id"": ""4"", ""count"": 0}, {""vehicle_type_id"": ""7"", ""count"": 0}, {""vehicle_type_id"": ""9"", ""count"": 5}]",[],1772522410
969,15,0,1,11,0,1,1,1,1772520706,"[{""vehicle_type_id"": ""11"", ""count"": 0}, {""vehicle_type_id"": ""14"", ""count"": 0}, {""vehicle_type_id"": ""4"", ""count"": 0}, {""vehicle_type_id"": ""7"", ""count"": 0}, {""vehicle_type_id"": ""9"", ""count"": 15}]",[],1772522410
971,7,0,1,15,0,1,1,1,1772522258,"[{""vehicle_type_id"": ""11"", ""count"": 0}, {""vehicle_type_id"": ""14"", ""count"": 0}, {""vehicle_type_id"": ""4"", ""count"": 0}, {""vehicle_type_id"": ""7"", ""count"": 0}, {""vehicle_type_id"": ""9"", ""count"": 7}]",[],1772522410
978,4,0,1,18,0,1,1,1,1772477057,"[{""vehicle_type_id"": ""11"", ""count"": 0}, {""vehicle_type_id"": ""14"", ""count"": 0}, {""vehicle_type_id"": ""4"", ""count"": 0}, {""vehicle_type_id"": ""7"", ""count"": 0}, {""vehicle_type_id"": ""9"", ""count"": 4}]",[],1772522410
979,4,0,0,13,0,1,1,1,1772522241,"[{""vehicle_type_id"": ""11"", ""count"": 0}, {""vehicle_type_id"": ""14"", ""count"": 0}, {""vehicle_type_id"": ""4"", ""count"": 0}, {""vehicle_type_id"": ""7"", ""count"": 0}, {""vehicle_type_id"": ""9"", ""count"": 4}]",[],1772522410
980,4,0,1,16,0,1,1,1,1772502272,"[{""vehicle_type_id"": ""11"", ""count"": 0}, {""vehicle_type_id"": ""14"", ""count"": 0}, {""vehicle_type_id"": ""4"", ""count"": 0}, {""vehicle_type_id"": ""7"", ""count"": 0}, {""vehicle_type_id"": ""9"", ""count"": 4}]",[],1772522410
981,10,0,0,11,0,1,1,1,1772522135,"[{""vehicle_type_id"": ""11"", ""count"": 0}, {""vehicle_type_id"": ""14"", ""count"": 0}, {""vehicle_type_id"": ""4"", ""count"": 0}, {""vehicle_type_id"": ""7"", ""count"": 0}, {""vehicle_type_id"": ""9"", ""count"": 10}]",[],1772522410
985,2,0,0,29,0,1,1,1,1772522131,"[{""vehicle_type_id"": ""11"", ""count"": 0}, {""vehicle_type_id"": ""14"", ""count"": 0}, {""vehicle_type_id"": ""4"", ""count"": 0}, {""vehicle_type_id"": ""7"", ""count"": 0}, {""vehicle_type_id"": ""9"", ""count"": 2}]",[],1772522410
1057,9,0,0,10,0,1,1,1,1772520894,"[{""vehicle_type_id"": ""11"", ""count"": 0}, {""vehicle_type_id"": ""14"", ""count"": 0}, {""vehicle_type_id"": ""4"", ""count"": 0}, {""vehicle_type_id"": ""7"", ""count"": 0}, {""vehicle_type_id"": ""9"", ""count"": 9}]",[],1772522410
1058,17,0,0,39,0,1,1,1,1772520711,"[{""vehicle_type_id"": ""11"", ""count"": 0}, {""vehicle_type_id"": ""14"", ""count"": 0}, {""vehicle_type_id"": ""4"", ""count"": 0}, {""vehicle_type_id"": ""7"", ""count"": 0}, {""vehicle_type_id"": ""9"", ""count"": 17}]",[],1772522410
1061,5,0,0,32,0,1,1,1,1772521347,"[{""vehicle_type_id"": ""11"", ""count"": 0}, {""vehicle_type_id"": ""14"", ""count"": 0}, {""vehicle_type_id"": ""4"", ""count"": 0}, {""vehicle_type_id"": ""7"", ""count"": 0}, {""vehicle_type_id"": ""9"", ""count"": 5}]",[],1772522410
1062,5,0,0,12,0,1,1,1,1772521221,"[{""vehicle_type_id"": ""11"", ""count"": 0}, {""vehicle_type_id"": ""14"", ""count"": 0}, {""vehicle_type_id"": ""4"", ""count"": 0}, {""vehicle_type_id"": ""7"", ""count"": 0}, {""vehicle_type_id"": ""9"", ""count"": 5}]",[],1772522410
1073,15,0,1,11,0,1,1,1,1772521772,"[{""vehicle_type_id"": ""11"", ""count"": 0}, {""vehicle_type_id"": ""14"", ""count"": 0}, {""vehicle_type_id"": ""4"", ""count"": 0}, {""vehicle_type_id"": ""7"", ""count"": 0}, {""vehicle_type_id"": ""9"", ""count"": 15}]",[],1772522410
1074,10,0,0,17,0,1,1,1,1772507797,"[{""vehicle_type_id"": ""11"", ""count"": 0}, {""vehicle_type_id"": ""14"", ""count"": 0}, {""vehicle_type_id"": ""4"", ""count"": 0}, {""vehicle_type_id"": ""7"", ""count"": 0}, {""vehicle_type_id"": ""9"", ""count"": 10}]",[],1772522410
1114,8,0,1,18,0,1,1,1,1772522208,"[{""vehicle_type_id"": ""11"", ""count"": 0}, {""vehicle_type_id"": ""14"", ""count"": 0}, {""vehicle_type_id"": ""4"", ""count"": 0}, {""vehicle_type_id"": ""7"", ""count"": 0}, {""vehicle_type_id"": ""9"", ""count"": 8}]",[],1772522410
1122,3,0,0,18,0,1,1,1,1772521123,"[{""vehicle_type_id"": ""11"", ""count"": 0}, {""vehicle_type_id"": ""14"", ""count"": 0}, {""vehicle_type_id"": ""4"", ""count"": 0}, {""vehicle_type_id"": ""7"", ""count"": 0}, {""vehicle_type_id"": ""9"", ""count"": 3}]",[],1772522410
1125,10,0,0,13,0,1,1,1,1772521624,"[{""vehicle_type_id"": ""11"", ""count"": 0}, {""vehicle_type_id"": ""14"", ""count"": 0}, {""vehicle_type_id"": ""4"", ""count"": 0}, {""vehicle_type_id"": ""7"", ""count"": 0}, {""vehicle_type_id"": ""9"", ""count"": 10}]",[],1772522410
1127,6,0,0,13,0,1,1,1,1772521021,"[{""vehicle_type_id"": ""11"", ""count"": 0}, {""vehicle_type_id"": ""14"", ""count"": 0}, {""vehicle_type_id"": ""4"", ""count"": 0}, {""vehicle_type_id"": ""7"", ""count"": 0}, {""vehicle_type_id"": ""9"", ""count"": 6}]",[],1772522410
1130,7,0,2,6,0,1,1,1,1772522112,"[{""vehicle_type_id"": ""11"", ""count"": 0}, {""vehicle_type_id"": ""14"", ""count"": 0}, {""vehicle_type_id"": ""4"", ""count"": 0}, {""vehicle_type_id"": ""7"", ""count"": 0}, {""vehicle_type_id"": ""9"", ""count"": 7}]",[],1772522410
1133,7,0,0,14,0,1,1,1,1772521088,"[{""vehicle_type_id"": ""11"", ""count"": 0}, {""vehicle_type_id"": ""14"", ""count"": 0}, {""vehicle_type_id"": ""4"", ""count"": 0}, {""vehicle_type_id"": ""7"", ""count"": 0}, {""vehicle_type_id"": ""9"", ""count"": 7}]",[],1772522410
1137,6,0,0,9,0,1,1,1,1772521627,"[{""vehicle_type_id"": ""11"", ""count"": 0}, {""vehicle_type_id"": ""14"", ""count"": 0}, {""vehicle_type_id"": ""4"", ""count"": 0}, {""vehicle_type_id"": ""7"", ""count"": 0}, {""vehicle_type_id"": ""9"", ""count"": 6}]",[],1772522410
1140,13,0,1,9,0,1,1,1,1772521725,"[{""vehicle_type_id"": ""11"", ""count"": 0}, {""vehicle_type_id"": ""14"", ""count"": 0}, {""vehicle_type_id"": ""4"", ""count"": 0}, {""vehicle_type_id"": ""7"", ""count"": 0}, {""vehicle_type_id"": ""9"", ""count"": 13}]",[],1772522410
1141,6,0,0,15,0,1,1,1,1772504035,"[{""vehicle_type_id"": ""11"", ""count"": 0}, {""vehicle_type_id"": ""14"", ""count"": 0}, {""vehicle_type_id"": ""4"", ""count"": 0}, {""vehicle_type_id"": ""7"", ""count"": 0}, {""vehicle_type_id"": ""9"", ""count"": 6}]",[],1772522410
1142,9,0,0,12,0,1,1,1,1772520776,"[{""vehicle_type_id"": ""11"", ""count"": 0}, {""vehicle_type_id"": ""14"", ""count"": 0}, {""vehicle_type_id"": ""4"", ""count"": 0}, {""vehicle_type_id"": ""7"", ""count"": 0}, {""vehicle_type_id"": ""9"", ""count"": 9}]",[],1772522410
1146,2,0,0,17,0,1,1,1,1772522261,"[{""vehicle_type_id"": ""11"", ""count"": 0}, {""vehicle_type_id"": ""14"", ""count"": 0}, {""vehicle_type_id"": ""4"", ""count"": 0}, {""vehicle_type_id"": ""7"", ""count"": 0}, {""vehicle_type_id"": ""9"", ""count"": 2}]",[],1772522410
1147,4,0,0,15,0,1,1,1,1772520914,"[{""vehicle_type_id"": ""11"", ""count"": 0}, {""vehicle_type_id"": ""14"", ""count"": 0}, {""vehicle_type_id"": ""4"", ""count"": 0}, {""vehicle_type_id"": ""7"", ""count"": 0}, {""vehicle_type_id"": ""9"", ""count"": 4}]",[],1772522410
1149,9,0,1,15,0,1,1,1,1772521590,"[{""vehicle_type_id"": ""11"", ""count"": 0}, {""vehicle_type_id"": ""14"", ""count"": 0}, {""vehicle_type_id"": ""4"", ""count"": 0}, {""vehicle_type_id"": ""7"", ""count"": 0}, {""vehicle_type_id"": ""9"", ""count"": 9}]",[],1772522410
1150,4,0,2,13,0,1,1,1,1772520652,"[{""vehicle_type_id"": ""11"", ""count"": 0}, {""vehicle_type_id"": ""14"", ""count"": 0}, {""vehicle_type_id"": ""4"", ""count"": 0}, {""vehicle_type_id"": ""7"", ""count"": 0}, {""vehicle_type_id"": ""9"", ""count"": 4}]",[],1772522410
1153,10,0,0,13,0,1,1,1,1772521475,"[{""vehicle_type_id"": ""11"", ""count"": 0}, {""vehicle_type_id"": ""14"", ""count"": 0}, {""vehicle_type_id"": ""4"", ""count"": 0}, {""vehicle_type_id"": ""7"", ""count"": 0}, {""vehicle_type_id"": ""9"", ""count"": 10}]",[],1772522410
